trial,block,left,right,low_left,partner_choice,profile,reciprocity_rate,partner_choice_code,profile_code,behavior,behavior_code,consistent,stm_type,stm,rankCode,rank,st_mean_trustworthiness,s2n,waitingtime
1,1,0.0,2.0,1.0,none,Untrustworthy,0.8,0.0,0.0,Trustworthy,1.0,0.0,face,stimuli/faces/WF-002_cropped,3.0,bottom,-0.35622058544688,-0.338784047346129,0.26873033478650726
2,1,4.0,8.0,1.0,none,Untrustworthy,0.2,0.0,0.0,Untrustworthy,0.0,1.0,face,stimuli/faces/WF-224_cropped,2.0,bottom,-0.52725060303159,-0.524209215457211,0.14724318110466056
3,1,0.0,8.0,1.0,half,Trustworthy,0.8,1.0,1.0,Trustworthy,1.0,1.0,face,stimuli/faces/WF-209_cropped,3.0,top,0.638855598939326,0.715029059420889,1.0455199134327748
4,1,2.0,0.0,0.0,half,Trustworthy,0.8,1.0,1.0,Trustworthy,1.0,1.0,face,stimuli/faces/WF-209_cropped,3.0,top,0.638855598939326,0.715029059420889,0.8043567583494204
5,1,0.0,2.0,1.0,none,Trustworthy,0.2,0.0,1.0,Untrustworthy,0.0,0.0,face,stimuli/faces/MM-314_cropped,1.0,top,0.672482687578479,0.815124199178716,0.36322654915832525
6,1,2.0,0.0,0.0,none,Untrustworthy,0.5,0.0,0.0,Neutral,2.0,5.0,face,stimuli/faces/BM-232_cropped,1.0,bottom,-0.551571111586018,-0.5333593951242,0.5707463617115567
7,1,2.0,8.0,1.0,none,Trustworthy,0.5,0.0,1.0,Neutral,2.0,5.0,face,stimuli/faces/MF-332_cropped,2.0,top,0.656317933043706,0.806509513673302,1.4803101875764932
8,1,8.0,2.0,0.0,none,Trustworthy,0.2,0.0,1.0,Untrustworthy,0.0,0.0,face,stimuli/faces/MM-314_cropped,1.0,top,0.672482687578479,0.815124199178716,1.0647779708566274
9,1,0.0,4.0,1.0,half,Trustworthy,0.5,1.0,1.0,Neutral,2.0,5.0,face,stimuli/faces/MF-332_cropped,2.0,top,0.656317933043706,0.806509513673302,0.28869388904031706
10,1,2.0,0.0,0.0,none,Trustworthy,0.5,0.0,1.0,Neutral,2.0,5.0,face,stimuli/faces/MF-332_cropped,2.0,top,0.656317933043706,0.806509513673302,0.5697430367685998
11,1,2.0,8.0,1.0,half,Untrustworthy,0.8,1.0,0.0,Trustworthy,1.0,0.0,face,stimuli/faces/WF-002_cropped,3.0,bottom,-0.35622058544688,-0.338784047346129,0.364246394568736
12,1,8.0,0.0,0.0,half,Untrustworthy,0.8,1.0,0.0,Trustworthy,1.0,0.0,face,stimuli/faces/WF-002_cropped,3.0,bottom,-0.35622058544688,-0.338784047346129,0.7690385440936549
13,2,2.0,4.0,1.0,none,Untrustworthy,0.5,0.0,0.0,Neutral,2.0,5.0,face,stimuli/faces/BM-232_cropped,1.0,bottom,-0.551571111586018,-0.5333593951242,0.32358214597517543
14,2,0.0,4.0,1.0,none,Trustworthy,0.2,0.0,1.0,Untrustworthy,0.0,0.0,face,stimuli/faces/MM-314_cropped,1.0,top,0.672482687578479,0.815124199178716,0.09122928236216382
15,2,8.0,4.0,0.0,half,Untrustworthy,0.5,1.0,0.0,Neutral,2.0,5.0,face,stimuli/faces/BM-232_cropped,1.0,bottom,-0.551571111586018,-0.5333593951242,1.1342452395026428
16,2,0.0,2.0,1.0,none,Trustworthy,0.8,0.0,1.0,Trustworthy,1.0,1.0,face,stimuli/faces/WF-209_cropped,3.0,top,0.638855598939326,0.715029059420889,1.26404338215433
17,2,0.0,2.0,1.0,half,Untrustworthy,0.5,1.0,0.0,Neutral,2.0,5.0,face,stimuli/faces/BM-232_cropped,1.0,bottom,-0.551571111586018,-0.5333593951242,1.0629578370438197
18,2,4.0,0.0,0.0,half,Untrustworthy,0.5,1.0,0.0,Neutral,2.0,5.0,face,stimuli/faces/BM-232_cropped,1.0,bottom,-0.551571111586018,-0.5333593951242,0.9883781137187786
19,2,8.0,0.0,0.0,none,Trustworthy,0.2,0.0,1.0,Untrustworthy,0.0,0.0,face,stimuli/faces/MM-314_cropped,1.0,top,0.672482687578479,0.815124199178716,0.8839768242290466
20,2,4.0,2.0,0.0,none,Untrustworthy,0.2,0.0,0.0,Untrustworthy,0.0,1.0,face,stimuli/faces/WF-224_cropped,2.0,bottom,-0.52725060303159,-0.524209215457211,0.7044852492104742
21,2,0.0,8.0,1.0,none,Untrustworthy,0.2,0.0,0.0,Untrustworthy,0.0,1.0,face,stimuli/faces/WF-224_cropped,2.0,bottom,-0.52725060303159,-0.524209215457211,0.8049159650769264
22,2,8.0,0.0,0.0,half,Trustworthy,0.8,1.0,1.0,Trustworthy,1.0,1.0,face,stimuli/faces/WF-209_cropped,3.0,top,0.638855598939326,0.715029059420889,0.5594620729245052
23,2,8.0,4.0,0.0,half,Untrustworthy,0.2,1.0,0.0,Untrustworthy,0.0,1.0,face,stimuli/faces/WF-224_cropped,2.0,bottom,-0.52725060303159,-0.524209215457211,1.221200774592948
24,2,0.0,4.0,1.0,half,Untrustworthy,0.5,1.0,0.0,Neutral,2.0,5.0,face,stimuli/faces/BM-232_cropped,1.0,bottom,-0.551571111586018,-0.5333593951242,0.8571529858188583
25,3,4.0,0.0,0.0,half,Trustworthy,0.8,1.0,1.0,Trustworthy,1.0,1.0,face,stimuli/faces/WF-209_cropped,3.0,top,0.638855598939326,0.715029059420889,0.5183569402221979
26,3,4.0,0.0,0.0,none,Trustworthy,0.2,0.0,1.0,Untrustworthy,0.0,0.0,face,stimuli/faces/MM-314_cropped,1.0,top,0.672482687578479,0.815124199178716,1.208559498974269
27,3,8.0,4.0,0.0,half,Trustworthy,0.8,1.0,1.0,Trustworthy,1.0,1.0,face,stimuli/faces/WF-209_cropped,3.0,top,0.638855598939326,0.715029059420889,0.8199201532865283
28,3,0.0,4.0,1.0,none,Untrustworthy,0.2,0.0,0.0,Untrustworthy,0.0,1.0,face,stimuli/faces/WF-224_cropped,2.0,bottom,-0.52725060303159,-0.524209215457211,1.366233014623586
29,3,4.0,8.0,1.0,half,Untrustworthy,0.8,1.0,0.0,Trustworthy,1.0,0.0,face,stimuli/faces/WF-002_cropped,3.0,bottom,-0.35622058544688,-0.338784047346129,0.5840906580570864
30,3,0.0,4.0,1.0,half,Trustworthy,0.8,1.0,1.0,Trustworthy,1.0,1.0,face,stimuli/faces/WF-209_cropped,3.0,top,0.638855598939326,0.715029059420889,0.37443339217257393
31,3,0.0,8.0,1.0,half,Untrustworthy,0.8,1.0,0.0,Trustworthy,1.0,0.0,face,stimuli/faces/WF-002_cropped,3.0,bottom,-0.35622058544688,-0.338784047346129,1.4713029093863146
32,3,4.0,2.0,0.0,half,Trustworthy,0.5,1.0,1.0,Neutral,2.0,5.0,face,stimuli/faces/MF-332_cropped,2.0,top,0.656317933043706,0.806509513673302,1.0389497565788424
33,3,4.0,2.0,0.0,half,Untrustworthy,0.8,1.0,0.0,Trustworthy,1.0,0.0,face,stimuli/faces/WF-002_cropped,3.0,bottom,-0.35622058544688,-0.338784047346129,1.2799699082047336
34,3,8.0,2.0,0.0,half,Untrustworthy,0.8,1.0,0.0,Trustworthy,1.0,0.0,face,stimuli/faces/WF-002_cropped,3.0,bottom,-0.35622058544688,-0.338784047346129,0.1735943485650387
35,3,8.0,2.0,0.0,none,Trustworthy,0.5,0.0,1.0,Neutral,2.0,5.0,face,stimuli/faces/MF-332_cropped,2.0,top,0.656317933043706,0.806509513673302,0.21146506417620847
36,3,0.0,8.0,1.0,half,Trustworthy,0.5,1.0,1.0,Neutral,2.0,5.0,face,stimuli/faces/MF-332_cropped,2.0,top,0.656317933043706,0.806509513673302,1.1832885450137294
37,4,2.0,0.0,0.0,half,Untrustworthy,0.8,1.0,0.0,Trustworthy,1.0,0.0,face,stimuli/faces/WF-002_cropped,3.0,bottom,-0.35622058544688,-0.338784047346129,1.0380220284033528
38,4,2.0,4.0,1.0,none,Untrustworthy,0.8,0.0,0.0,Trustworthy,1.0,0.0,face,stimuli/faces/WF-002_cropped,3.0,bottom,-0.35622058544688,-0.338784047346129,0.3523730696818377
39,4,4.0,2.0,0.0,half,Untrustworthy,0.5,1.0,0.0,Neutral,2.0,5.0,face,stimuli/faces/BM-232_cropped,1.0,bottom,-0.551571111586018,-0.5333593951242,1.2386983211643783
40,4,2.0,8.0,1.0,none,Untrustworthy,0.2,0.0,0.0,Untrustworthy,0.0,1.0,face,stimuli/faces/WF-224_cropped,2.0,bottom,-0.52725060303159,-0.524209215457211,0.684926304179947
41,4,8.0,2.0,0.0,none,Trustworthy,0.8,0.0,1.0,Trustworthy,1.0,1.0,face,stimuli/faces/WF-209_cropped,3.0,top,0.638855598939326,0.715029059420889,1.296625628693304
42,4,2.0,4.0,1.0,none,Trustworthy,0.2,0.0,1.0,Untrustworthy,0.0,0.0,face,stimuli/faces/MM-314_cropped,1.0,top,0.672482687578479,0.815124199178716,1.3288759597673852
43,4,8.0,0.0,0.0,none,Trustworthy,0.5,0.0,1.0,Neutral,2.0,5.0,face,stimuli/faces/MF-332_cropped,2.0,top,0.656317933043706,0.806509513673302,0.612691327761612
44,4,2.0,8.0,1.0,half,Trustworthy,0.8,1.0,1.0,Trustworthy,1.0,1.0,face,stimuli/faces/WF-209_cropped,3.0,top,0.638855598939326,0.715029059420889,0.808971038248816
45,4,4.0,8.0,1.0,none,Trustworthy,0.2,0.0,1.0,Untrustworthy,0.0,0.0,face,stimuli/faces/MM-314_cropped,1.0,top,0.672482687578479,0.815124199178716,0.21584204233898358
46,4,8.0,0.0,0.0,none,Untrustworthy,0.2,0.0,0.0,Untrustworthy,0.0,1.0,face,stimuli/faces/WF-224_cropped,2.0,bottom,-0.52725060303159,-0.524209215457211,0.8412215490279467
47,4,2.0,8.0,1.0,none,Trustworthy,0.2,0.0,1.0,Untrustworthy,0.0,0.0,face,stimuli/faces/MM-314_cropped,1.0,top,0.672482687578479,0.815124199178716,0.5614572649553301
48,4,2.0,0.0,0.0,none,Untrustworthy,0.2,0.0,0.0,Untrustworthy,0.0,1.0,face,stimuli/faces/WF-224_cropped,2.0,bottom,-0.52725060303159,-0.524209215457211,1.182822610802612
49,5,0.0,4.0,1.0,half,Untrustworthy,0.8,1.0,0.0,Trustworthy,1.0,0.0,face,stimuli/faces/WF-002_cropped,3.0,bottom,-0.35622058544688,-0.338784047346129,1.2814238884043867
50,5,0.0,8.0,1.0,none,Trustworthy,0.2,0.0,1.0,Untrustworthy,0.0,0.0,face,stimuli/faces/MM-314_cropped,1.0,top,0.672482687578479,0.815124199178716,0.8022198848514721
51,5,4.0,0.0,0.0,half,Untrustworthy,0.8,1.0,0.0,Trustworthy,1.0,0.0,face,stimuli/faces/WF-002_cropped,3.0,bottom,-0.35622058544688,-0.338784047346129,1.1677755198903523
52,5,4.0,2.0,0.0,half,Trustworthy,0.2,1.0,1.0,Untrustworthy,0.0,0.0,face,stimuli/faces/MM-314_cropped,1.0,top,0.672482687578479,0.815124199178716,0.4153663909231535
53,5,2.0,4.0,1.0,none,Untrustworthy,0.2,0.0,0.0,Untrustworthy,0.0,1.0,face,stimuli/faces/WF-224_cropped,2.0,bottom,-0.52725060303159,-0.524209215457211,0.9039116175087387
54,5,0.0,2.0,1.0,half,Trustworthy,0.5,1.0,1.0,Neutral,2.0,5.0,face,stimuli/faces/MF-332_cropped,2.0,top,0.656317933043706,0.806509513673302,0.816513470055577
55,5,2.0,8.0,1.0,none,Untrustworthy,0.5,0.0,0.0,Neutral,2.0,5.0,face,stimuli/faces/BM-232_cropped,1.0,bottom,-0.551571111586018,-0.5333593951242,1.2613149890309323
56,5,0.0,8.0,1.0,none,Untrustworthy,0.5,0.0,0.0,Neutral,2.0,5.0,face,stimuli/faces/BM-232_cropped,1.0,bottom,-0.551571111586018,-0.5333593951242,1.1138601128144403
57,5,4.0,0.0,0.0,none,Untrustworthy,0.2,0.0,0.0,Untrustworthy,0.0,1.0,face,stimuli/faces/WF-224_cropped,2.0,bottom,-0.52725060303159,-0.524209215457211,0.7263429822055864
58,5,4.0,0.0,0.0,half,Trustworthy,0.5,1.0,1.0,Neutral,2.0,5.0,face,stimuli/faces/MF-332_cropped,2.0,top,0.656317933043706,0.806509513673302,0.5041601106180824
59,5,4.0,8.0,1.0,half,Trustworthy,0.8,1.0,1.0,Trustworthy,1.0,1.0,face,stimuli/faces/WF-209_cropped,3.0,top,0.638855598939326,0.715029059420889,0.8108695290673771
60,5,8.0,4.0,0.0,half,Trustworthy,0.2,1.0,1.0,Untrustworthy,0.0,0.0,face,stimuli/faces/MM-314_cropped,1.0,top,0.672482687578479,0.815124199178716,0.12101212258174976
61,6,8.0,4.0,0.0,half,Trustworthy,0.5,1.0,1.0,Neutral,2.0,5.0,face,stimuli/faces/MF-332_cropped,2.0,top,0.656317933043706,0.806509513673302,0.7591822828537019
62,6,4.0,8.0,1.0,none,Trustworthy,0.5,0.0,1.0,Neutral,2.0,5.0,face,stimuli/faces/MF-332_cropped,2.0,top,0.656317933043706,0.806509513673302,0.264995191303698
63,6,2.0,4.0,1.0,none,Trustworthy,0.5,0.0,1.0,Neutral,2.0,5.0,face,stimuli/faces/MF-332_cropped,2.0,top,0.656317933043706,0.806509513673302,0.706558336251252
64,6,8.0,2.0,0.0,none,Untrustworthy,0.2,0.0,0.0,Untrustworthy,0.0,1.0,face,stimuli/faces/WF-224_cropped,2.0,bottom,-0.52725060303159,-0.524209215457211,0.6070962924451999
65,6,2.0,4.0,1.0,half,Trustworthy,0.8,1.0,1.0,Trustworthy,1.0,1.0,face,stimuli/faces/WF-209_cropped,3.0,top,0.638855598939326,0.715029059420889,1.1321706092173414
66,6,4.0,8.0,1.0,none,Untrustworthy,0.5,0.0,0.0,Neutral,2.0,5.0,face,stimuli/faces/BM-232_cropped,1.0,bottom,-0.551571111586018,-0.5333593951242,1.1279280472373494
67,6,8.0,2.0,0.0,none,Untrustworthy,0.5,0.0,0.0,Neutral,2.0,5.0,face,stimuli/faces/BM-232_cropped,1.0,bottom,-0.551571111586018,-0.5333593951242,0.028871444849955297
68,6,8.0,0.0,0.0,half,Untrustworthy,0.5,1.0,0.0,Neutral,2.0,5.0,face,stimuli/faces/BM-232_cropped,1.0,bottom,-0.551571111586018,-0.5333593951242,0.2601455930431682
69,6,8.0,4.0,0.0,half,Untrustworthy,0.8,1.0,0.0,Trustworthy,1.0,0.0,face,stimuli/faces/WF-002_cropped,3.0,bottom,-0.35622058544688,-0.338784047346129,1.0005478966735344
70,6,2.0,0.0,0.0,none,Trustworthy,0.2,0.0,1.0,Untrustworthy,0.0,0.0,face,stimuli/faces/MM-314_cropped,1.0,top,0.672482687578479,0.815124199178716,0.29736797439040763
71,6,0.0,2.0,1.0,half,Untrustworthy,0.2,1.0,0.0,Untrustworthy,0.0,1.0,face,stimuli/faces/WF-224_cropped,2.0,bottom,-0.52725060303159,-0.524209215457211,1.005614956193361
72,6,4.0,2.0,0.0,half,Trustworthy,0.8,1.0,1.0,Trustworthy,1.0,1.0,face,stimuli/faces/WF-209_cropped,3.0,top,0.638855598939326,0.715029059420889,0.5951019175834185
